<?xml version="1.0" encoding="UTF-8"?>
<!DOCTYPE mapper
  PUBLIC "-//mybatis.org//DTD Mapper 3.0//EN"
  "http://mybatis.org/dtd/mybatis-3-mapper.dtd">
  

<mapper namespace="com.spring.blog.gradeuser.mapper.IGradeUserMapper">


	<resultMap type="com.spring.blog.command.GradeUserVO" id="gradeUser">
		<id property="userNo" column="u_no" />
		<result property="userId" column="u_id" />
		<result property="userNickName" column="u_nickname" />
		<result property="userTitle" column="u_title" />
		<result property="userGradeRegistDate" column="u_grade_regist_date" />
		<result property="userGradeApply" column="u_grade_apply" />
		<result property="userGradeCheck" column="u_grade_apply_check" />
		<result property="userContent" column="u_content" />
	</resultMap>


	<select id="getTotal" resultType="int">
		SELECT count(*) as listCnt
		FROM user_grade
		<include refid="search" />
	</select>

	<sql id="search">
		<if test="condition == 'userNo'">
			WHERE u_no LIKE '%'||#{keyword}||'%'
		</if>
		<if test="condition == 'userContent'">
			WHERE u_content LIKE '%'||#{keyword}||'%'
		</if>
		<if test="condition == 'userGradeApply'">
			WHERE u_grade_apply LIKE '%'||#{keyword}||'%'
		</if>
	</sql>

	<select id="getList" resultMap="gradeUser">
		SELECT * FROM
		(
			SELECT ROWNUM as rn, tbl.* FROM
			(
				SELECT * FROM user_grade
				<include refid="search" />
				ORDER BY u_no DESC
			) tbl
		)
		<![CDATA[
		WHERE rn > (#{pageNum} - 1) * #{countPerPage}
		AND rn <= #{pageNum} * #{countPerPage}
		]]>
	</select>


	<insert id="regist">
		INSERT INTO user_grade(u_no, u_id, u_nickname, u_title, u_grade_apply, u_grade_apply_check, u_content)
		VALUES(user_grade_seq.NEXTVAL, #{userId}, #{userNickName}, 'test', #{userGradeApply}, 'x',
		#{userContent})
	</insert>

	<select id="getContent" resultMap="gradeUser">
		SELECT * FROM user_grade WHERE u_no=#{userNo}

	</select>

	<delete id="delete">
		DELETE FROM user_grade
		WHERE u_no=#{u_no}

	</delete>

	<update id="gradeApplyCheck">
		UPDATE user_grade
		SET u_grade_apply_check = 'o'
		WHERE u_no = #{userNo}
	</update>


</mapper>