<?xml version="1.0" encoding="UTF-8"?>
<!DOCTYPE mapper
  PUBLIC "-//mybatis.org//DTD Mapper 3.0//EN"
  "http://mybatis.org/dtd/mybatis-3-mapper.dtd">

<mapper namespace="com.spring.blog.like.mapper.ILikeMapper">

	<resultMap type="com.spring.blog.command.LikeVO" id="LikeMap">
		<id property="likeNo" column="lkie_no" />
		<result property="stuNo" column="s_no" />
		<result property="userId" column="u_id" />
		<result property="likeCheck" column="like_check" />
		
	</resultMap>
	
	<select id="likeCount" resultMap="LikeMap">
		UPDATE study_board
		SET s_likeCount = (SELECT COUNT(*)
		FROM like_table
		WHERE s_no = #{stuNo}
		<!-- and u_id =#{userId} -->
	</select>
	
	<!--
	<select id="likeGetInfo" resultType="int">
		SELECT like_check FROM like_table
		WHERE s_no =#{stuNo}  and u_id=#{userId} 
	</select>
	-->
	
	<select id="likeGetInfo" resultType="int">
		SELECT like_check FROM like_table
		WHERE s_no =#{stuNo} 
	</select>
	
	<!-- 
	<insert id="likeInsert">
		INSERT INTO like_table(u_id, s_no)
		VALUES (#{userId}, #{stuNo})
	</insert>
	 -->
	<insert id="likeInsert">
		INSERT INTO like_table(s_no)
		VALUES (#{stuNo})
	</insert>
	

	<select id="likeInfo">
		SELECT like_Check FROM like_table
		WHERE u_id=#{userId} AND s_no=#{stuNo}
	</select>
 
	
	<!-- 
	<select id="likeInfo">
		SELECT likeCheck FROM like_table
		WHERE u_id=#{userId} AND s_no=#{stuNo}
	</select>
 	-->
 	
 	<update id="likeUpdate">
		update like_table
		set <include refid="cal"></include>
		where s_no=#{stuNo}
	</update>
 	
 	<!--  
	<update id="likeupdate">
		update like_table
		set <include refid="cal"></include>
		where u_id=#{userId} and s_no=#{stuNo}
	</update>
	-->
	<sql id="cal">
		<if test="like_check == 1">
			like_check = 0
		</if>

		<if test="like_check == 0">
			like_check = like_check + 1
		</if>
	</sql>
	
</mapper>