<?xml version="1.0" encoding="UTF-8"?>
<!DOCTYPE mapper
  PUBLIC "-//mybatis.org//DTD Mapper 3.0//EN"
  "http://mybatis.org/dtd/mybatis-3-mapper.dtd">
  
<mapper namespace="com.spring.blog.resume.mapper.IResumeBoardMapper">

		<resultMap type="com.spring.blog.command.ResumeBoardVO" id="resumeMap">
			<id property="resNo" column="r_no" />
			<result property="resTitle" column="r_title" />
			<result property="resWriter" column="r_writer" />
			<result property="resDetail" column="r_detail" />
			<result property="resRegdate" column="r_regdate" />
			<result property="resUpdatedate" column="r_updatedate" />
			<result property="resJobtype" column="r_jobtype" />
			<result property="resResult" column="r_result" />
			<result property="resCount" column="r_count" />
			<result property="resLikeCount" column="r_likeCount" />
			<result property="fileRealName" column="file_real_name" />
			<result property="fileName" column="file_name" />
			<result property="uploadPath" column="upload_path" />
		</resultMap>

	<sql id="search">
		<if test="condition == 'title'">
			WHERE r_title LIKE '%'||#{keyword}||'%'
		</if>
		<if test="condition == 'content'">
			WHERE r_detail LIKE '%'||#{keyword}||'%'
		</if>
		<if test="condition == 'writer'">
			WHERE r_writer LIKE '%'||#{keyword}||'%'
		</if>
		<if test="condition == 'passCheck'">
			WHERE r_result = #{keyword}
		</if>
		<if test="condition == 'jobCheck'">
			WHERE r_jobtype LIKE '%'||#{keyword}||'%'
		</if>
	</sql>


	<insert id="write">
		INSERT INTO resume_board(r_no, r_title, r_writer, r_detail, r_jobtype, r_result, file_real_name, file_name, upload_path)
		VALUES(r_no_seq.NEXTVAL, #{resTitle}, #{resWriter}, #{resDetail}, #{resJobtype}, #{resResult}, #{fileRealName}, #{fileName}, #{uploadPath})
	</insert>
	
	<select id="getList"
		resultMap="resumeMap">
		SELECT * FROM
			(
			SELECT ROWNUM as rn, tbl.* FROM
				(
				SELECT * FROM resume_board
				<include refid="search" />
				ORDER BY r_no DESC
				) tbl
			)
		<![CDATA[
		WHERE rn > (#{pageNum} - 1) * #{countPerPage}
		AND rn <= #{pageNum} * #{countPerPage}
		]]>
	</select>

	<select id="getTotal" resultType="int">
		SELECT COUNT(*)
		FROM resume_board
		<include refid="search" />
	</select>

	<select id="getDetail"
		resultMap="resumeMap">
		SELECT * FROM resume_board
		WHERE r_no = #{resNo}
	</select>

	<select id="download"
		resultMap="resumeMap">
		SELECT
			file_real_name,
			file_name
		FROM resume_board
		WHERE r_no = #{resNo}
	</select> 
	
	<update id="update">
		UPDATE resume_board
		SET r_title=#{resTitle},
		r_detail=#{resDetail}, r_updatedate = SYSDATE,
		r_jobtype=#{resJobtype}, r_result=#{resResult},
		file_real_name=#{fileRealName}, file_name=#{fileName}, upload_path=#{uploadPath}
		WHERE r_no=#{resNo}
	</update>

	<update id="updateViewCnt">
		UPDATE resume_board
		SET r_count = r_count + 1
		WHERE r_no=#{resNo}
	</update>

	<delete id="delete">
		DELETE FROM resume_board
		WHERE r_no=#{resNo}
	</delete>

</mapper>