<?xml version="1.0" encoding="UTF-8"?>
<!DOCTYPE mapper
  PUBLIC "-//mybatis.org//DTD Mapper 3.0//EN"
  "http://mybatis.org/dtd/mybatis-3-mapper.dtd">

<mapper namespace="com.spring.blog.user.mapper.IUserMapper">

	<resultMap type="com.spring.blog.command.UserVO" id="myPageInfo">
		<id property="userId" column="U_ID" />
		<result property="userPw" column="U_PW" />
		<result property="userNickname" column="U_NICKNAME" />
		<result property="userEmail" column="U_EMAIL" />
		<result property="userPhone" column="U_PHONE" />
		<result property="userGrade" column="U_GRADE" />
		<result property="userBoardHit" column="U_BOARD_HIT" />
	</resultMap>

	<!-- 유저 등업 -->
	<update id="userGradeUpdate">
		UPDATE user_table
		SET u_grade=#{userGrade} WHERE u_id=#{userId}
	</update>


	<!-- 개인 회원가입 -->
	<insert id="generalJoin">
		insert into user_table(u_id, u_pw, u_pwconfirm, u_pwAnswer, u_nickname, u_name, u_email, u_phone,
		u_addrPost, u_addrBasic, u_addrDetail, regist_date)
		VALUES(#{userId}, #{userPw}, #{userPwConfirm}, #{userPwAnswer}, #{userNickname}, #{userName}, #{userEmail},
		#{userPhone}, #{userAddrPost}, #{userAddrBasic}, #{userAddrDetail}, sysdate)
	</insert>

	<!-- 기업 회원가입 -->
	<insert id="companyJoin">
		insert into user_table(u_crnumber, u_id, u_pw, u_pwconfirm, u_pwAnswer, u_nickname, u_name, u_email, u_phone,
		u_addrPost, u_addrBasic, u_addrDetail, regist_date, u_grade)
		VALUES(#{userCrnumber}, #{userId}, #{userPw}, #{userPwConfirm}, #{userPwAnswer}, #{userNickname}, 
		#{userName}, #{userEmail}, #{userPhone}, #{userAddrPost}, #{userAddrBasic}, #{userAddrDetail}, sysdate, 4)
	</insert>

	<!-- 아이디 중복 검사 -->
	<select id="idCheck" resultType="int">
		select count(*) from user_table
		where u_id = #{userId}
	</select>

	<!-- 로그인 -->
	<select id="login" resultMap="myPageInfo">
		SELECT * FROM user_table
		WHERE u_id = #{userId}
		AND u_pw = #{userPw}
	</select>

	<!-- 마이페이지 회원 정보 -->
	<select id="getInfo" resultMap="myPageInfo">
		SELECT u_id, u_nickname, u_email, u_phone
		FROM user_table
		WHERE u_id = #{userId}
	</select>
	
	<select id="pwSearch" resultMap="myPageInfo">
		SELECT u_pw
		FROM user_table
		WHERE u_id = #{userId}
		AND u_email = #{userEmail}
	</select>

	<update id="updateUser">
		UPDATE user_table
		SET u_nickname = #{userNickname}, u_email = #{userEmail}, u_phone = #{userPhone}
		WHERE u_id=#{userId}
	</update>
	
	<update id="pwUser">
		UPDATE user_table
		SET u_pw = #{userPw}, u_pwconfirm = #{userPwConfirm}
		WHERE u_id=#{userId}
		AND u_pw=#{userPw}
		AND u_pwconfirm=#{userPwConfirm}
	</update>
	
	<delete id="deleteUser">
		DELETE FROM user_table
		WHERE u_id=#{userId}
	</delete>
	
	<select id="checkPw" resultType="int">
		SELECT COUNT(*) FROM user_table
		WHERE u_id=#{userId}
		AND u_pw=#{userPw}
		AND u_pwconfirm=#{userPwConfirm}
	</select>
	
	<select id="checkPw2" resultType="int">
		SELECT COUNT(*) FROM user_table
		WHERE u_id=#{userId}
		AND u_pw=#{userPw}
	</select>
	
	<update id="changeUserPassword">
		UPDATE user_table
		SET u_pw = #{userChangePw}, u_pwconfirm=#{userChangePwCheck}
		WHERE u_id=#{userId}
	</update>
	
	<select id="getBoardCount" resultType="int">
	    SELECT u_board_hit
	    FROM user_table
	    WHERE u_id=#{userId}
	</select>
	
	<update id="boardCountAdd">
	    UPDATE user_table
		SET u_board_hit = u_board_hit + 1
		WHERE u_id=#{userId}	
    </update>

</mapper>
