<?xml version="1.0" encoding="UTF-8"?>
<beans xmlns="http://www.springframework.org/schema/beans"
	xmlns:xsi="http://www.w3.org/2001/XMLSchema-instance"
	xmlns:jdbc="http://www.springframework.org/schema/jdbc"
	xmlns:mybatis-spring="http://mybatis.org/schema/mybatis-spring"
	xsi:schemaLocation="http://www.springframework.org/schema/jdbc http://www.springframework.org/schema/jdbc/spring-jdbc-3.1.xsd
		http://mybatis.org/schema/mybatis-spring http://mybatis.org/schema/mybatis-spring-1.2.xsd
		http://www.springframework.org/schema/beans https://www.springframework.org/schema/beans/spring-beans.xsd">
	
		
	<bean class="org.springframework.beans.factory.config.PropertyPlaceholderConfigurer">
		<property name="location" value="classpath:/db-config/Hikari.properties" />
	</bean>
	
	<bean id="hikariConfig" class="com.zaxxer.hikari.HikariConfig">
		<property name="driverClassName" value="${ds.driverClassName}" />
		<property name="jdbcUrl" value="${ds.url}" />
		<property name="username" value="${ds.username}" />
		<property name="password" value="${ds.password}" />
	</bean>
	
	<bean id="ds" class="com.zaxxer.hikari.HikariDataSource">
		<constructor-arg ref="hikariConfig" />
	</bean>
		
	<bean id="sqlSessionFactory" class="org.mybatis.spring.SqlSessionFactoryBean">
		<property name="dataSource" ref="ds" />
		<property name="mapperLocations" value="classpath:/mappers/*.xml" />
	</bean>
	
	<mybatis-spring:scan base-package="com.spring.blog.job.mapper" />
	<mybatis-spring:scan base-package="com.spring.blog.user.mapper" />
	<mybatis-spring:scan base-package="com.spring.blog.gradeuser.mapper" />
	<mybatis-spring:scan base-package="com.spring.blog.notice.mapper" />
	<mybatis-spring:scan base-package="com.spring.blog.resume.mapper" />
	<mybatis-spring:scan base-package="com.spring.blog.interview.mapper" />
	<mybatis-spring:scan base-package="com.spring.blog.study.mapper" />
	<mybatis-spring:scan base-package="com.spring.blog.free.mapper" />
	<mybatis-spring:scan base-package="com.spring.blog.comment.mapper" />
	<mybatis-spring:scan base-package="com.spring.blog.like.mapper" />
	
	
	<!-- gmail설정 -->
	<bean id="mailSender2" class="org.springframework.mail.javamail.JavaMailSenderImpl">
		<property name="host" value="smtp.gmail.com" />
		<property name="port" value="587" />
		<property name="username" value="meohaejyo@gmail.com" /> <!-- 자신의 이메일 아이디 -->
		<property name="password" value="test1!2@" /> <!-- 자신의 비밀번호 -->
		<!-- 보안연결 TLS과 관련된 설정 -->
		<property name="javaMailProperties">
			<props>
				<prop key="mail.smtp.auth">true</prop>
				<prop key="mail.smtp.starttls.enable">true</prop>
				<prop key="mail.smtp.ssl.trust">smtp.gmail.com</prop>
                <prop key="mail.smtp.ssl.protocols">TLSv1.2</prop>
				<!-- <prop key="mail.smtp.ssl.enable">true</prop> -->
				<!-- <prop key="mail.smtp.transport.protocol">smtp</prop> -->
				<!-- <prop key="mail.smtp.socketFactory.class">javax.net.ssl.SSLSocketFactory</prop> -->
				<!-- <prop key="mail.smtp.ssl.trust">smtp.gmail.com</prop> -->
				<!-- <prop key="mail.smtp.ssl.protocols">TLSv1.2</prop> -->
			</props>
		</property>
	</bean>
	
</beans>
